Declarative Constraints,Regular Expressions
"AlternateResponse(Generate Standard Bill (GB), {Ship inside of Germany (IG), Load Container (LC), Ship inside of EU (SE), Send Bill (SB), Ship outside of EU (SO), Ship outside of Germany (OG)})",[ˆGenerate Standard Bill (GB)]*(Generate Standard Bill (GB)[ˆGenerate Standard Bill (GB)]*(Ship inside of Germany (IG)| Load Container (LC)| Ship inside of EU (SE)| Send Bill (SB)| Ship outside of EU (SO)| Ship outside of Germany (OG))[ˆGenerate Standard Bill (GB)]*)*
"AlternateResponse(Load Container (LC), {Evaluate Size of Order (EO), Generate Special Bill (GS), Ship inside of EU (SE), Generate Standard Bill (GB)})",[ˆLoad Container (LC)]*(Load Container (LC)[ˆLoad Container (LC)]*(Evaluate Size of Order (EO)| Generate Special Bill (GS)| Ship inside of EU (SE)| Generate Standard Bill (GB))[ˆLoad Container (LC)]*)*
"AlternateResponse(Ship outside of Germany (OG), {Evaluate Size of Order (EO), Generate Special Bill (GS)})",[ˆShip outside of Germany (OG)]*(Ship outside of Germany (OG)[ˆShip outside of Germany (OG)]*(Evaluate Size of Order (EO)| Generate Special Bill (GS))[ˆShip outside of Germany (OG)]*)*
"AlternateResponse(Generate Special Bill (GS), {Ship inside of Germany (IG), Load Container (LC), Send Bill (SB), Ship outside of EU (SO), Ship outside of Germany (OG)})",[ˆGenerate Special Bill (GS)]*(Generate Special Bill (GS)[ˆGenerate Special Bill (GS)]*(Ship inside of Germany (IG)| Load Container (LC)| Send Bill (SB)| Ship outside of EU (SO)| Ship outside of Germany (OG))[ˆGenerate Special Bill (GS)]*)*
"AlternateResponse(Received Order (RO), {Load Container (LC), Evaluate Size of Order (EO)})",[ˆReceived Order (RO)]*(Received Order (RO)[ˆReceived Order (RO)]*(Load Container (LC)| Evaluate Size of Order (EO))[ˆReceived Order (RO)]*)*
"AlternateResponse(Ship outside of EU (SO), {Evaluate Size of Order (EO), Generate Special Bill (GS), Generate Standard Bill (GB), Send Bill (SB)})",[ˆShip outside of EU (SO)]*(Ship outside of EU (SO)[ˆShip outside of EU (SO)]*(Evaluate Size of Order (EO)| Generate Special Bill (GS)| Generate Standard Bill (GB)| Send Bill (SB))[ˆShip outside of EU (SO)]*)*
"AlternateResponse(Evaluate Size of Order (EO), {Ship inside of Germany (IG), Generate Special Bill (GS), Ship inside of EU (SE), Load Container (LC), Ship outside of EU (SO), Ship outside of Germany (OG)})",[ˆEvaluate Size of Order (EO)]*(Evaluate Size of Order (EO)[ˆEvaluate Size of Order (EO)]*(Ship inside of Germany (IG)| Generate Special Bill (GS)| Ship inside of EU (SE)| Load Container (LC)| Ship outside of EU (SO)| Ship outside of Germany (OG))[ˆEvaluate Size of Order (EO)]*)*
"AlternateResponse(Ship inside of EU (SE), {Ship inside of Germany (IG), Generate Special Bill (GS), Evaluate Size of Order (EO), Generate Standard Bill (GB), Ship outside of Germany (OG)})",[ˆShip inside of EU (SE)]*(Ship inside of EU (SE)[ˆShip inside of EU (SE)]*(Ship inside of Germany (IG)| Generate Special Bill (GS)| Evaluate Size of Order (EO)| Generate Standard Bill (GB)| Ship outside of Germany (OG))[ˆShip inside of EU (SE)]*)*
"AlternateResponse(Ship inside of Germany (IG), {Evaluate Size of Order (EO), Generate Special Bill (GS), Generate Standard Bill (GB), Send Bill (SB)})",[ˆShip inside of Germany (IG)]*(Ship inside of Germany (IG)[ˆShip inside of Germany (IG)]*(Evaluate Size of Order (EO)| Generate Special Bill (GS)| Generate Standard Bill (GB)| Send Bill (SB))[ˆShip inside of Germany (IG)]*)*
